,0
0,https://www.1mg.com/otc/mcaffeine-naked-raw-coffee-body-scrub-otc689829
1,https://www.1mg.com/otc/new-cetaphil-daily-exfoliating-cleanser-all-skin-types-otc557418
2,https://www.1mg.com/otc/zeoveda-tea-tree-sea-salt-scrub-otc842033
3,https://www.1mg.com/otc/mcaffeine-naked-raw-coffee-face-scrub-otc689776
4,https://www.1mg.com/otc/everyuth-naturals-exfoliating-walnut-scrub-otc535768
5,https://www.1mg.com/otc/mamaearth-ubtan-face-scrub-otc612183
6,https://www.1mg.com/otc/zeoveda-rose-sugar-scrub-otc842031
7,https://www.1mg.com/otc/himalaya-tan-removal-orange-face-scrub-otc370081
8,https://www.1mg.com/otc/everyuth-naturals-exfoliating-walnut-scrub-otc535523
9,https://www.1mg.com/otc/jiva-almond-scrub-soap-otc500951
10,https://www.1mg.com/otc/zeoveda-charcoal-purifying-scrub-otc842034
11,https://www.1mg.com/otc/himalaya-blackhead-clearing-walnut-face-scrub-otc795448
12,https://www.1mg.com/otc/everyuth-naturals-exfoliating-walnut-scrub-otc745913
13,https://www.1mg.com/otc/mamaearth-vitamin-c-face-scrub-otc698548
14,https://www.1mg.com/otc/zeoveda-lavender-sugar-scrub-otc842032
15,https://www.1mg.com/otc/plum-green-tea-gentle-revival-face-scrub-otc719768
16,https://www.1mg.com/otc/mamaearth-charcoal-face-scrub-otc612180
17,https://www.1mg.com/otc/nivea-skin-refining-scrub-otc470440
18,https://www.1mg.com/otc/mcaffeine-naked-raw-coffee-face-scrub-otc689778
19,https://www.1mg.com/otc/tnw-the-natural-wash-all-natural-lip-lightening-scrub-otc613245
20,https://www.1mg.com/otc/everyuth-naturals-revolutionary-hydrogel-technology-walnut-apricot-scrub-otc561604
21,https://www.1mg.com/otc/neutrogena-deep-clean-blackhead-eliminating-daily-scrub-otc514405
22,https://www.1mg.com/otc/ustraa-total-de-tan-kit-de-tan-face-scrub-100g-face-cream-50g-otc638077
23,https://www.1mg.com/otc/sri-sri-tattva-exfoliating-face-scrub-otc330726
24,https://www.1mg.com/otc/biotique-bio-papaya-revitalizing-tan-removal-scrub-for-all-skin-types-otc707765
25,https://www.1mg.com/otc/sri-sri-tattva-walnut-orange-face-scrub-otc499091
26,https://www.1mg.com/otc/neutrogena-deep-clean-blackhead-eliminating-daily-scrub-otc514406
27,https://www.1mg.com/otc/bakson-s-face-scrub-with-aloevera-cucumber-papaya-otc400479
28,https://www.1mg.com/otc/mamaearth-tea-tree-face-scrub-otc698546
29,https://www.1mg.com/otc/mcaffeine-exfoliation-tan-removal-combo-otc725835
30,https://www.1mg.com/otc/biotique-bio-papaya-revitalizing-tan-removal-scrub-for-all-skin-types-otc375913
31,https://www.1mg.com/otc/plum-body-lovin-body-sugar-vanilla-vibes-scrub-otc716082
32,https://www.1mg.com/otc/mamaearth-ubtan-body-scrub-otc612249
33,https://www.1mg.com/otc/plum-body-lovin-body-scrub-drivin-me-cherry-otc716081
34,https://www.1mg.com/otc/mcaffeine-coffee-de-tan-kit-otc725401
35,https://www.1mg.com/otc/plum-chamomile-white-tea-brighten-up-face-scrub-otc718832
36,https://www.1mg.com/otc/everyuth-naturals-hydrating-exfoliating-walnut-apricot-scrub-otc370644
37,https://www.1mg.com/otc/mcaffeine-de-tan-face-polishing-kit-otc725456
38,https://www.1mg.com/otc/mcaffeine-pollution-sun-protection-kit-coffee-face-scrub-face-wash-spf-50-pa-sunscreen-lotion-otc767289
39,https://www.1mg.com/otc/mcaffeine-combo-pack-of-coffee-face-wash-75ml-espresso-face-scrub-75gm-otc706980
40,https://www.1mg.com/otc/dermatouch-bye-bye-dry-dark-lips-scrub-otc735258
41,https://www.1mg.com/otc/mcaffeine-naked-raw-coffee-foot-scrub-otc689833
42,https://www.1mg.com/otc/vaadi-herbals-elbow-foot-knee-scrub-soap-otc500235
43,https://www.1mg.com/otc/mcaffeine-toner-serum-bha-salicylic-acid-2-otc809959
44,https://www.1mg.com/otc/khadi-meghdoot-de-tan-scrub-otc481372
45,https://www.1mg.com/otc/mcaffeine-coffee-look-gift-kit-otc696537
46,https://www.1mg.com/otc/zeoveda-tea-tree-sea-salt-scrub-otc842033
47,https://www.1mg.com/otc/lotus-herbals-whiteglow-oatmeal-and-yogurt-skin-whitening-scrub-otc377892
48,https://www.1mg.com/otc/wow-skin-science-ubtan-face-body-scrub-otc802736
49,https://www.1mg.com/otc/mcaffeine-combo-pack-of-coffee-body-scrub-100gm-espresso-coffee-face-scrub-duo-75gm-otc706978
50,https://www.1mg.com/otc/zeoveda-rose-sugar-scrub-otc842031
51,https://www.1mg.com/otc/mamaearth-coco-face-scrub-otc612247
52,https://www.1mg.com/otc/mcaffeine-naked-raw-coffee-face-scrub-cappuccino-otc689775
53,https://www.1mg.com/otc/mcaffeine-coffee-mood-skin-care-gift-kit-otc696536
54,https://www.1mg.com/otc/zeoveda-charcoal-purifying-scrub-otc842034
55,https://www.1mg.com/otc/mcaffeine-naked-raw-coffee-face-latte-otc689777
56,https://www.1mg.com/otc/mcaffeine-coffee-moment-skin-care-gift-kit-otc696535
57,https://www.1mg.com/otc/khadi-meghdoot-apricot-scrub-face-pack-otc481370
58,https://www.1mg.com/otc/zeoveda-lavender-sugar-scrub-otc842032
59,https://www.1mg.com/otc/dermatouch-bye-bye-blackheads-pores-gentle-face-scrub-otc735173
60,https://www.1mg.com/otc/mcaffeine-combo-pack-of-cappuccino-coffee-face-scrub-75gm-cappuccino-coffee-foaming-face-wash-75ml-otc706985
61,https://www.1mg.com/otc/mcaffeine-cappuccino-coffee-acne-control-kit-with-face-scrub-otc725798
62,https://www.1mg.com/otc/jovees-papaya-honey-face-scrub-otc732333
63,https://www.1mg.com/otc/bakson-s-face-scrub-with-aloevera-cucumber-papaya-otc400477
64,https://www.1mg.com/otc/mcaffeine-day-night-latte-intense-moisturization-repair-kit-otc725874
65,https://www.1mg.com/otc/mcaffeine-naked-raw-coffee-scalp-scrub-otc689836
66,https://www.1mg.com/otc/jiva-walnut-scrub-otc500946
67,https://www.1mg.com/otc/wow-skin-science-activated-charcoal-face-scrub-otc430698
68,https://www.1mg.com/otc/mcaffeine-tan-oil-removal-coffee-face-kit-otc725757
69,https://www.1mg.com/otc/mamaearth-neem-body-scrub-otc612248
70,https://www.1mg.com/otc/ustraa-de-tans-and-exfoliates-face-scrub-otc619307
71,https://www.1mg.com/otc/bakson-s-apricot-aloevera-with-neem-cucumber-scrub-otc326216
72,https://www.1mg.com/otc/jovees-de-tan-face-scrub-otc732329
73,https://www.1mg.com/otc/odeon-apricot-almond-face-body-scrub-otc734456
74,https://www.1mg.com/otc/mcaffeine-espresso-deep-exfoliation-kit-with-face-moisturizer-otc725810
75,https://www.1mg.com/otc/ethiall-chocolite-scrub-otc626336
76,https://www.1mg.com/otc/ustraa-activated-charcoal-face-scrub-otc619298
77,https://www.1mg.com/otc/mcaffeine-coffee-c-e-m-routine-kit-otc725790
78,https://www.1mg.com/otc/pearldew-face-scrub-otc752699
79,https://www.1mg.com/otc/man-arden-caffeine-series-arabica-coffee-body-scrub-otc584923
80,https://www.1mg.com/otc/aravalli-neem-face-scrub-otc801690
81,https://www.1mg.com/otc/mcaffeine-naked-detox-green-tea-face-scrub-otc689783
82,https://www.1mg.com/otc/tnw-the-natural-wash-coffee-coconut-scrub-otc657309
83,https://www.1mg.com/otc/jovees-bridal-brightening-face-scrub-otc732331
84,https://www.1mg.com/otc/the-man-company-combo-pack-of-charcoal-face-scrub-charcoal-peel-off-mask-100gm-each-otc603497
85,https://www.1mg.com/otc/mcaffeine-coffee-skin-refining-kit-otc725847
86,https://www.1mg.com/otc/rejusure-10-lactic-acid-1-hyaluronic-acid-facial-exfoliator-otc643952
87,https://www.1mg.com/otc/vaadi-herbals-super-value-pack-of-6-elbow-foot-knee-scrub-soap-with-almond-walnut-scrub-otc373745
88,https://www.1mg.com/otc/oriental-botanics-neem-tea-tree-basil-face-scrub-otc631237
89,https://www.1mg.com/otc/riyo-herbs-papaya-face-scrub-otc817038
90,https://www.1mg.com/otc/zeoveda-tea-tree-sea-salt-scrub-otc842033
91,https://www.1mg.com/otc/jovees-de-tan-face-scrub-otc732330
92,https://www.1mg.com/otc/human-kind-face-scrub-otc713321
93,https://www.1mg.com/otc/odeon-face-body-scrub-strawberry-aloe-vera-otc734534
94,https://www.1mg.com/otc/zeoveda-rose-sugar-scrub-otc842031
95,https://www.1mg.com/otc/vagad-s-khadi-aloe-vera-scrub-herbal-face-wash-otc442239
96,https://www.1mg.com/otc/moraze-pout-easy-lip-scrub-blueberry-otc710793
97,https://www.1mg.com/otc/nature-s-essence-anti-pollution-face-scrub-active-charcoal-otc774602
98,https://www.1mg.com/otc/zeoveda-charcoal-purifying-scrub-otc842034
99,https://www.1mg.com/otc/dr-foot-foot-scrub-otc621185
100,https://www.1mg.com/otc/biotique-bio-walnut-purifying-polishing-scrub-otc375790
101,https://www.1mg.com/otc/mcaffeine-quick-green-tea-detox-kit-otc725773
102,https://www.1mg.com/otc/zeoveda-lavender-sugar-scrub-otc842032
103,https://www.1mg.com/otc/oriental-botanics-activated-charcoal-4-in-1-face-scrub-otc446213
104,https://www.1mg.com/otc/mcaffeine-reduces-dark-spots-face-oil-otc829954
105,https://www.1mg.com/otc/mcaffeine-face-care-kit-for-winters-latte-coffee-face-wash-75ml-latte-coffee-face-scrub-75gm-otc706619
106,https://www.1mg.com/otc/khadi-shuddha-aloe-vera-scrub-face-wash-otc747236
107,https://www.1mg.com/otc/meghdoot-apricot-body-wash-and-scrub-otc499508
108,https://www.1mg.com/otc/la-organo-l-glutathione-skin-whitening-face-and-body-scrub-otc701203
109,https://www.1mg.com/otc/qraa-men-activated-charcoal-scrub-otc804625
110,https://www.1mg.com/otc/fabessentials-neem-tulsi-and-moringa-facewash-scrub-otc787169
111,https://www.1mg.com/otc/khadi-veda-aloe-vera-scrub-face-wash-otc629997
112,https://www.1mg.com/otc/vaadi-herbals-enticing-lemongrass-scrub-soap-otc500237
113,https://www.1mg.com/otc/mcaffeine-summer-friendly-green-tea-purifying-kit-otc725784
114,https://www.1mg.com/otc/mcaffeine-fruit-aha-mix-toner-otc829937
115,https://www.1mg.com/otc/the-man-company-premium-grooming-essentials-for-men-charcoal-face-wash-100ml-face-scrub-100gm-soap-otc603490
116,https://www.1mg.com/otc/body-cupid-24k-gold-body-scrub-otc828026
117,https://www.1mg.com/otc/moon-star-coffee-scrub-otc686626
118,https://www.1mg.com/otc/fabessentials-charcoal-lemon-witch-hazel-face-scrub-otc777776
119,https://www.1mg.com/otc/riyo-herbs-lavender-shower-gel-scrub-otc762806
120,https://www.1mg.com/otc/tac-the-ayurveda-co.-7-kumkumadi-face-scrub-with-24k-gold-dust-otc761609
121,https://www.1mg.com/otc/odeon-charcoal-tea-tree-face-body-scrub-otc734463
122,https://www.1mg.com/otc/wow-skin-science-green-tea-face-scrub-otc802791
123,https://www.1mg.com/otc/plum-grape-seed-sea-buckthorn-mild-foam-scrub-otc595946
124,https://www.1mg.com/otc/riyo-herbs-chocolate-face-scrub-otc762734
125,https://www.1mg.com/otc/cgg-cosmetics-bulgarian-rose-gel-exfoliating-body-scrub-otc706637
126,https://www.1mg.com/otc/vaadi-herbals-value-pack-of-foot-scrub-with-fenugreek-lemongrass-oil-otc498346
127,https://www.1mg.com/otc/clensta-face-brightening-and-detan-scrub-for-him-scrub-otc732403
128,https://www.1mg.com/otc/mcaffeine-moisturizes-face-oil-otc829956
129,https://www.1mg.com/otc/kazima-apricot-diamond-facial-scrub-otc567104
130,https://www.1mg.com/otc/plum-body-lovin-body-scrub-coffee-wake-a-ccino-otc716080
131,https://www.1mg.com/otc/rhuto-s-bluhenn-essentials-facial-scrub-otc772721
132,https://www.1mg.com/otc/mcaffeine-hyaluronic-acid-toner-otc829942
133,https://www.1mg.com/otc/odeon-apricot-almond-face-body-scrub-otc734455
134,https://www.1mg.com/otc/zeoveda-tea-tree-sea-salt-scrub-otc842033
135,https://www.1mg.com/otc/w2-pure-glowing-papaya-aloevera-face-scrub-otc712650
136,https://www.1mg.com/otc/fuschia-pomegranate-pearls-exfoliating-face-body-scrub-otc581159
137,https://www.1mg.com/otc/nat-esse-tan-removal-scrub-otc763488
138,https://www.1mg.com/otc/zeoveda-rose-sugar-scrub-otc842031
139,https://www.1mg.com/otc/wow-skin-science-himalayan-rose-face-body-scrub-otc802735
140,https://www.1mg.com/otc/riyo-herbs-kiwi-shower-gel-scrub-otc762801
141,https://www.1mg.com/otc/auli-do-it-bright-resurfacing-exfoliating-scrub-otc741765
142,https://www.1mg.com/otc/zeoveda-charcoal-purifying-scrub-otc842034
143,https://www.1mg.com/otc/w2-charcoal-face-scrub-otc712651
144,https://www.1mg.com/otc/patanjali-ayurveda-saundarya-multani-mitti-face-scrub-otc501042
145,https://www.1mg.com/otc/dr.-patkar-s-combo-pack-of-apple-cider-vinegar-facewash-scrub-100gm-and-hair-mask-30gm-otc777637
146,https://www.1mg.com/otc/zeoveda-lavender-sugar-scrub-otc842032
147,https://www.1mg.com/otc/oriental-botanics-nature-s-vitamin-c-face-scrub-brightening-otc631211
148,https://www.1mg.com/otc/kazima-vitamin-c-skin-lightening-facial-scrub-otc567105
149,https://www.1mg.com/otc/kazima-coffee-facial-scrub-otc567106
150,https://www.1mg.com/otc/medilexicon-neem-tulsi-purifying-scrub-otc610662
151,https://www.1mg.com/otc/khadi-aloevera-peeling-scrub-otc687735
152,https://www.1mg.com/otc/w2-pure-radiance-saffron-face-scrub-otc712649
153,https://www.1mg.com/otc/cgg-cosmetics-gel-exfoliating-body-vitamin-c-scrub-otc706638
154,https://www.1mg.com/otc/meghdoot-basil-body-wash-and-scrub-otc499510
155,https://www.1mg.com/otc/odeon-coffee-coconut-face-body-scrub-otc734472
156,https://www.1mg.com/otc/vasu-age-revitalizing-sugar-scrub-otc666082
157,https://www.1mg.com/otc/aravalli-neem-face-scrub-otc801691
158,https://www.1mg.com/otc/mcaffeine-gift-kit-otc706649
159,https://www.1mg.com/otc/fabessentials-aloe-vera-camellia-leaves-face-scrub-otc777773
160,https://www.1mg.com/otc/cgg-cosmetics-coffee-beans-gel-exfoliating-body-scrub-otc706635
161,https://www.1mg.com/otc/cgg-cosmetics-exfoliating-detan-scrub-otc649560
162,https://www.1mg.com/otc/muuchstac-combo-pack-of-herbal-skin-lightening-scrub-100gm-face-wash-100ml-otc810512
163,https://www.1mg.com/otc/auravedic-pure-brightening-skin-polish-otc508893
164,https://www.1mg.com/otc/tanvi-herbals-kanaka-face-scrub-powder-40gm-each-otc716937
165,https://www.1mg.com/otc/veda5-himalayan-pink-salt-body-scrub-otc688377
166,https://www.1mg.com/otc/nirakle-nimbadi-choornam-face-glow-otc694472
167,https://www.1mg.com/otc/the-beauty-sailor-walnut-coffee-coconut-face-scrub-otc647343
168,https://www.1mg.com/otc/nandika-beauty-diamond-face-scrub-otc746135
169,https://www.1mg.com/otc/mcaffeine-gift-kit-espresso-otc706667
170,https://www.1mg.com/otc/hayze-cosmetics-coffee-bean-scrub-coffee-bean-oatmeal-otc814856
171,https://www.1mg.com/otc/man-arden-combo-pack-of-de-tan-coffee-face-scrub-100ml-coffee-fase-wash-100ml-coffee-peel-of-mask100ml-arabica-coffee-body-scrub-200ml-otc815771
172,https://www.1mg.com/otc/elinor-avocado-jojoba-beads-face-scrub-otc733713
173,https://www.1mg.com/otc/treaclemoon-papaya-summer-body-scrub-otc692148
174,https://www.1mg.com/otc/treaclemoon-wild-cherry-magic-body-scrub-otc692149
175,https://www.1mg.com/otc/biotique-walnut-exfoliating-polishing-face-scrub-otc822904
176,https://www.1mg.com/otc/cgg-cosmetics-coconut-shea-butter-gel-exfoliating-body-scrub-otc706636
177,https://www.1mg.com/otc/healing-pharma-x-heal-scrub-face-wash-60ml-each-activated-charcoal-menthol-otc800021
178,https://www.1mg.com/otc/zeoveda-tea-tree-sea-salt-scrub-otc842033
179,https://www.1mg.com/otc/elinor-moroccan-argan-rosehip-face-scrub-otc733756
180,https://www.1mg.com/otc/cgg-cosmetics-japanese-cherry-blossom-gel-exfoliating-body-scrub-otc706639
181,https://www.1mg.com/otc/qraa-men-de-tan-scrub-otc804709
182,https://www.1mg.com/otc/zeoveda-rose-sugar-scrub-otc842031
183,https://www.1mg.com/otc/astaberry-vitamin-c-face-wash-scrub-otc805368
184,https://www.1mg.com/otc/bare-body-essentials-armlicious-combo-of-under-arm-cream-50gm-and-under-arm-scrub-50gm-otc708454
185,https://www.1mg.com/otc/mcaffeine-anti-pollution-kit-otc725742
186,https://www.1mg.com/otc/zeoveda-charcoal-purifying-scrub-otc842034
187,https://www.1mg.com/otc/amarantha-avocado-walnut-face-scrub-otc720931
188,https://www.1mg.com/otc/volamena-de-tan-face-scrub-otc562812
189,https://www.1mg.com/otc/vaadi-herbals-saffron-skin-whitening-face-scrub-otc374086
190,https://www.1mg.com/otc/zeoveda-lavender-sugar-scrub-otc842032
191,https://www.1mg.com/otc/krishna-s-aloe-vera-walnut-scrub-otc469706
192,https://www.1mg.com/otc/wow-skin-science-himalayan-rose-face-body-scrub-otc812668
193,https://www.1mg.com/otc/origine-naturespired-face-scrub-walnut-aloe-vera-to-remove-dead-skin-otc696452
194,https://www.1mg.com/otc/w2-pure-radiance-saffron-face-scrub-otc712652
195,https://www.1mg.com/otc/volamena-exfoliating-micro-peeling-cranberry-scrub-otc507935
196,https://www.1mg.com/otc/elinor-coffee-scrub-otc733721
197,https://www.1mg.com/otc/body-cupid-chocolate-body-scrub-otc828025
198,https://www.1mg.com/otc/cgg-cosmetics-watermelon-sugar-exfoliating-body-scrub-otc758588
199,https://www.1mg.com/otc/muuchstac-herbal-skin-lightening-scrub-otc810342
200,https://www.1mg.com/otc/oshea-herbals-activated-charcoal-face-scrub-otc518868
201,https://www.1mg.com/otc/oshea-herbals-glopure-lightening-face-scrub-otc816153
202,https://www.1mg.com/otc/phy-pollution-protect-de-tan-face-body-scrub-otc774874
203,https://www.1mg.com/otc/emay-glow-face-body-scrub-otc796346
204,https://www.1mg.com/otc/globus-naturals-pomegranate-face-body-scrub-otc735659
205,https://www.1mg.com/otc/oshea-herbals-aprifresh-scrub-face-otc816084
206,https://www.1mg.com/otc/auravedic-age-repair-face-polish-otc508900
207,https://www.1mg.com/otc/grolet-rose-water-beetroot-extract-face-scrub-otc720410
208,https://www.1mg.com/otc/odeon-turmeric-yogurt-face-body-scrub-otc734542
209,https://www.1mg.com/otc/riyo-herbs-blackhead-eliminating-daily-scrub-otc762732
210,https://www.1mg.com/otc/treaclemoon-my-coconut-island-body-scrub-otc692147
211,https://www.1mg.com/otc/odeon-charcoal-tea-tree-face-body-scrub-otc734460
212,https://www.1mg.com/otc/nandika-beauty-whitening-insta-glow-face-scrub-otc746121
213,https://www.1mg.com/otc/phy-deep-cleansing-2-in-1-face-mask-scrub-otc716461
214,https://www.1mg.com/otc/muuchstac-combo-pack-of-herbal-skin-lightening-scrub-100gm-foam-face-wash-100ml-otc810510
215,https://www.1mg.com/otc/softal-caffeine-face-body-skin-scrub-otc679667
216,https://www.1mg.com/otc/oshea-herbals-cafeine-pro-intense-skin-awakening-coffee-face-scrub-otc726811
217,https://www.1mg.com/otc/qraa-men-ultra-radiance-gold-scrub-otc804875
218,https://www.1mg.com/otc/amazing-earth-charcoal-face-scrub-for-men-otc681131
219,https://www.1mg.com/otc/mcaffeine-deep-pore-cleansing-regime-kit-otc725743
220,https://www.1mg.com/otc/cosmo-fruit-burst-smoothie-face-body-scrub-apricot-peach-otc677199
221,https://www.1mg.com/otc/maxisoft-face-scrub-100gm-each-otc820078
222,https://www.1mg.com/otc/zeoveda-rose-sugar-scrub-otc842031
223,https://www.1mg.com/otc/vagad-s-khadi-herbal-handmade-basil-scrub-soap-otc499681
224,https://www.1mg.com/otc/indus-valley-bio-organic-skin-face-detoxifying-scrub-pack-diy-combo-beauty-kit-otc684962
225,https://www.1mg.com/otc/oshea-herbals-papayaclean-anti-blemish-face-scrub-otc816257
226,https://www.1mg.com/otc/zeoveda-charcoal-purifying-scrub-otc842034
227,https://www.1mg.com/otc/odeon-strawberry-aloe-vera-face-body-scrub-otc734533
228,https://www.1mg.com/otc/herbal-hills-glohills-scrub-cream-otc377260
229,https://www.1mg.com/otc/inatur-herbals-face-scrub-pomegranate-otc483131
230,https://www.1mg.com/otc/zeoveda-lavender-sugar-scrub-otc842032
231,https://www.1mg.com/otc/dr.-patkar-s-apple-cider-vinegar-face-wash-scrub-for-deep-cleansing-otc777519
232,https://www.1mg.com/otc/man-arden-de-tan-coffee-face-scrub-otc536189
233,https://www.1mg.com/otc/odeon-coffee-coconut-face-body-scrub-otc734470
234,https://www.1mg.com/otc/mcaffeine-daily-coffee-ctm-routine-kit-otc829966
235,https://www.1mg.com/otc/indus-valley-organic-ayurveda-ultra-rich-replenishing-face-scrub-otc516514
236,https://www.1mg.com/otc/fab-o-naturals-vitamin-c-face-scrub-otc814652
237,https://www.1mg.com/otc/medimade-wellness-activated-charcoal-face-scrub-100gm-each-otc717721
238,https://www.1mg.com/otc/fuschia-activated-charcoal-detoxifying-face-body-scrub-otc581172
239,https://www.1mg.com/otc/mirah-belle-cindrella-range-face-wash-200ml-each-scrub-otc611355
240,https://www.1mg.com/otc/nandika-beauty-gold-face-scrub-otc746138
241,https://www.1mg.com/otc/kazima-jojoba-facial-scrub-otc567102
242,https://www.1mg.com/otc/body-cupid-himalayan-rose-gold-body-scrub-otc828028
243,https://www.1mg.com/otc/elinor-green-tea-scrub-otc733737
244,https://www.1mg.com/otc/softal-sugar-lemon-scrub-otc740360
245,https://www.1mg.com/otc/sharangdhar-gandhar-daily-bath-scrub-otc540439
246,https://www.1mg.com/otc/dr.-patkar-s-combo-pack-of-apple-cider-vinegar-face-wash-100gm-and-face-wash-scrub-30gm-otc777646
247,https://www.1mg.com/otc/cgg-cosmetics-vitamin-c-gentle-scrub-otc678734
248,https://www.1mg.com/otc/mcaffeine-complete-coffee-skin-care-combo-otc725838
249,https://www.1mg.com/otc/medimade-wellness-activated-charcoal-face-scrub-100gm-each-otc717734
250,https://www.1mg.com/otc/ustraa-combo-pack-of-face-wash-for-oily-skin-200gm-de-tans-face-scrub-100gm-otc642057
251,https://www.1mg.com/otc/fabessentials-saffron-sandalwood-cranberry-face-scrub-otc777774
252,https://www.1mg.com/otc/mcaffeine-gift-kit-latte-otc706677
253,https://www.1mg.com/otc/skin-tatva-walnut-scrub-otc703535
254,https://www.1mg.com/otc/kazima-activated-charcoal-facial-scrub-otc567103
255,https://www.1mg.com/otc/softal-pomegranate-scrub-otc679670
256,https://www.1mg.com/otc/globus-naturals-walnut-orange-face-body-scrub-otc735660
257,https://www.1mg.com/otc/dr.-patkar-s-apple-cider-vinegar-face-wash-scrub-for-deep-cleansing-otc777518
258,https://www.1mg.com/otc/the-mani-pedi-essential-cool-cucumber-hands-feet-body-scrub-otc753211
259,https://www.1mg.com/otc/human-kind-body-scrub-otc713312
260,https://www.1mg.com/otc/softal-green-tea-aloevera-scrub-otc679669
261,https://www.1mg.com/otc/maxisoft-face-scrub-100gm-each-otc820080
262,https://www.1mg.com/otc/bio-resurge-anashwara-face-scrub-orange-otc421497
263,https://www.1mg.com/otc/grolet-green-tea-face-scrub-otc720409
264,https://www.1mg.com/otc/nat-esse-shahi-snan-body-scrub-otc763468
265,https://www.1mg.com/otc/zeoveda-rose-sugar-scrub-otc842031
266,https://www.1mg.com/otc/jovees-jojoba-neem-face-scrub-otc732332
267,https://www.1mg.com/otc/vaadi-herbals-anti-pollution-silver-face-scrub-pure-silver-dust-fenugreek-otc373497
268,https://www.1mg.com/otc/nat-esse-clear-skin-scrub-otc763523
269,https://www.1mg.com/otc/zeoveda-charcoal-purifying-scrub-otc842034
270,https://www.1mg.com/otc/grolet-activated-charcoal-face-scrub-otc720408
271,https://www.1mg.com/otc/fuschia-green-tea-clarifying-face-body-scrub-otc581173
272,https://www.1mg.com/otc/fabessentials-coffee-lavender-face-scrub-otc777775
273,https://www.1mg.com/otc/zeoveda-lavender-sugar-scrub-otc842032
274,https://www.1mg.com/otc/vedantika-herbals-liquorice-and-oats-body-scrub-otc390358
275,https://www.1mg.com/otc/globus-naturals-rose-honey-face-body-scrub-otc735657
276,https://www.1mg.com/otc/vedantika-herbals-ubtan-bridal-body-scrub-otc390364
277,https://www.1mg.com/otc/coronation-herbal-activated-charcoal-face-scrub-100gm-each-otc744592
278,https://www.1mg.com/otc/glosby-beauty-enhancing-walnut-scrub-otc719194
279,https://www.1mg.com/otc/vaadi-herbals-skin-polishing-diamond-face-scrub-otc373592
280,https://www.1mg.com/otc/hayze-cosmetics-ubtan-face-scrub-otc684118
281,https://www.1mg.com/otc/aloe-veda-dark-chocolate-detoxifying-salt-gel-scrub-otc476016
282,https://www.1mg.com/otc/mantra-peach-saffron-and-himalayan-rock-salt-micro-exfoliating-face-scrub-otc479256
283,https://www.1mg.com/otc/ayur-champ-herbo-scrub-cream-otc715551
284,https://www.1mg.com/otc/khadi-pure-herbal-apricot-walnut-cream-scrub-with-sheabutter-otc415127
285,https://www.1mg.com/otc/roots-and-herbs-sugar-face-scrub-indian-rose-red-sandalwood-otc700791
286,https://www.1mg.com/otc/oriental-botanics-neem-tea-tree-basil-body-scrub-otc631228
287,https://www.1mg.com/otc/coronation-herbal-coffee-face-scrub-100gm-each-otc744595
288,https://www.1mg.com/otc/fabindia-almond-face-scrub-otc812086
289,https://www.1mg.com/otc/medimade-wellness-activated-charcoal-face-gel-scrub-otc666446
290,https://www.1mg.com/otc/indus-valley-men-active-charcoal-mask-scrub-otc517120
291,https://www.1mg.com/otc/mystiq-living-green-coffee-blemish-clear-face-scrub-otc739287
292,https://www.1mg.com/otc/nirakle-nimbadi-choornam-face-glow-otc694474
293,https://www.1mg.com/otc/aravalli-neem-face-scrub-100gm-each-otc814337
294,https://www.1mg.com/otc/t-h-organics-green-tea-sugar-scrub-otc750236
295,https://www.1mg.com/otc/origine-naturespired-face-scrub-charcoal-walnut-for-deep-cleansing-otc696453
296,https://www.1mg.com/otc/coronation-herbal-activated-charcoal-face-gel-scrub-100gm-each-otc744575
297,https://www.1mg.com/otc/ayouth-veda-kunkumadi-facial-scrub-otc712804
298,https://www.1mg.com/otc/nat-esse-skin-rejuvenating-scrub-otc763508
299,https://www.1mg.com/otc/medimade-wellness-coffee-face-scrub-100gm-each-otc718302
300,https://www.1mg.com/otc/mylo-veda-kumkumadi-face-scrub-otc739454
301,https://www.1mg.com/otc/aloe-veda-chocolate-and-coffee-scrub-luxury-butter-bar-otc476122
302,https://www.1mg.com/otc/dr.-patkar-s-combo-pack-of-apple-cider-vinegar-hair-mask-100gm-and-face-wash-scrub-30gm-otc777640
303,https://www.1mg.com/otc/vilasa-aabha-face-body-scrub-otc782514
304,https://www.1mg.com/otc/vaadi-herbals-deep-moisturising-chocolate-face-scrub-otc373837
305,https://www.1mg.com/otc/maxisoft-face-scrub-100gm-each-otc820079
306,https://www.1mg.com/otc/globus-naturals-apricot-orange-face-body-scrub-otc735656
307,https://www.1mg.com/otc/kazima-de-tan-spa-facial-scrub-otc567101
308,https://www.1mg.com/otc/zeoveda-rose-sugar-scrub-otc842031
309,https://www.1mg.com/otc/nandika-beauty-wine-face-scrub-otc746133
310,https://www.1mg.com/otc/softal-face-body-tan-clear-exfoliating-scrub-otc679668
311,https://www.1mg.com/otc/khadi-pure-herbal-almond-honey-exfoliating-facial-scrub-otc415131
312,https://www.1mg.com/otc/zeoveda-charcoal-purifying-scrub-otc842034
313,https://www.1mg.com/otc/nandika-beauty-diamond-face-scrub-otc746125
314,https://www.1mg.com/otc/aravalli-neem-combo-pack-of-face-scrub-100gm-toner-100ml-otc815512
315,https://www.1mg.com/otc/coronation-herbal-activated-charcoal-face-gel-scrub-100gm-each-otc744574
316,https://www.1mg.com/otc/zeoveda-lavender-sugar-scrub-otc842032
317,https://www.1mg.com/otc/origine-naturespired-face-scrub-ubtan-almond-for-skin-tan-otc696454
318,https://www.1mg.com/otc/oriental-botanics-australian-tea-tree-face-scrub-otc631039
319,https://www.1mg.com/otc/bio-resurge-anashwara-face-scrub-strawberry-otc487182
320,https://www.1mg.com/otc/the-weird-man-almond-apricot-scrub-otc735988
321,https://www.1mg.com/otc/7days-coffee-body-scrub-otc679476
322,https://www.1mg.com/otc/coronation-herbal-coffee-face-scrub-100gm-each-otc744594
323,https://www.1mg.com/otc/khadi-pure-apricot-scrub-soap-otc499370
324,https://www.1mg.com/otc/coronation-herbal-activated-charcoal-face-scrub-100gm-each-otc744593
325,https://www.1mg.com/otc/mcaffeine-espresso-deep-exfoliation-kit-otc725806
326,https://www.1mg.com/otc/medimade-wellness-coffee-face-scrub-100gm-each-otc718299
327,https://www.1mg.com/otc/native-haat-distil-exfoliating-facial-scrub-himalyan-rose-otc476489
328,https://www.1mg.com/otc/khadi-pure-basil-scrub-soap-otc499369
329,https://www.1mg.com/otc/nandika-beauty-mix-fruit-face-scrub-otc746120
330,https://www.1mg.com/otc/t-h-organics-coffee-sugar-scrub-otc750231
331,https://www.1mg.com/otc/nandika-beauty-fruit-face-scrub-otc746137
332,https://www.1mg.com/otc/vaadi-herbals-lavender-anti-ageing-face-scrub-otc373951
333,https://www.1mg.com/otc/the-mani-pedi-essential-tango-passion-hands-feet-body-scrub-otc753209
334,https://www.1mg.com/otc/nat-esse-gulabi-glow-face-scrub-otc763465
335,https://www.1mg.com/otc/skinfood-black-sugar-perfect-essential-scrub-2x-otc749630
336,https://www.1mg.com/otc/vedasparsh-apricot-walnut-face-scrub-otc754531
337,https://www.1mg.com/otc/vaadi-herbals-lemongrass-anti-pigmentation-face-scrub-otc374001
338,https://www.1mg.com/otc/khadi-pure-herbal-gold-face-scrub-otc415134
339,https://www.1mg.com/otc/vaadi-herbals-skin-lightening-fruit-face-scrub-otc373555
340,https://www.1mg.com/otc/nandika-beauty-sandal-face-scrub-otc746119
341,https://www.1mg.com/otc/aloe-veda-chamomile-and-honey-exfoliating-jelly-scrub-otc475982
342,https://www.1mg.com/otc/khadi-pure-herbal-almond-honey-exfoliating-facial-scrub-otc415129
343,https://www.1mg.com/otc/mirah-belle-pink-walnut-face-scrub-otc612385
344,https://www.1mg.com/otc/machismo-coffee-mint-face-scrub-otc819612
345,https://www.1mg.com/otc/the-mani-pedi-essential-jasmine-orange-hands-feet-body-scrub-otc753208
346,https://www.1mg.com/otc/nandika-beauty-gold-face-scrub-otc746128
347,https://www.1mg.com/otc/vaadi-herbals-anti-acne-aloe-vera-face-scrub-otc373595
348,https://www.1mg.com/otc/native-haat-distil-exfoliating-facial-scrub-wild-jasmine-otc476490
349,https://www.1mg.com/otc/vedantika-herbals-facial-scrub-otc374221
350,https://www.1mg.com/otc/aravalli-neem-combo-pack-of-face-scrub-50-100gm-otc815494
351,https://www.1mg.com/otc/zeoveda-rose-sugar-scrub-otc842031
352,https://www.1mg.com/otc/matra-arabica-coffee-scrub-face-body-otc700926
353,https://www.1mg.com/otc/khadi-pure-herbal-rose-papaya-face-scrub-otc499332
354,https://www.1mg.com/otc/medimade-wellness-activated-charcoal-face-gel-scrub-100gm-each-otc717725
355,https://www.1mg.com/otc/zeoveda-charcoal-purifying-scrub-otc842034
356,https://www.1mg.com/otc/vaadi-herbals-24-carat-gold-scrub-sandalwood-turmeric-otc373478
357,https://www.1mg.com/otc/fuschia-coffee-cream-smoothening-face-body-scrub-otc581175
358,https://www.1mg.com/otc/aravalli-neem-combo-pack-of-face-wash-100ml-scrub-100gm-otc815504
359,https://www.1mg.com/otc/zeoveda-lavender-sugar-scrub-otc842032
360,https://www.1mg.com/otc/aravalli-neem-combo-pack-of-face-scrub-50gm-toner-100ml-otc815509
361,https://www.1mg.com/otc/the-mani-pedi-essential-bitter-almond-hands-feet-body-scrub-otc753207
362,https://www.1mg.com/otc/globus-naturals-oats-grapes-moisturizing-face-body-scrub-otc735658
363,https://www.1mg.com/otc/oshea-herbals-radiance-d-tan-face-scrub-otc815909
364,https://www.1mg.com/otc/saba-exfoliating-walnut-scrub-100ml-each-otc791851
365,https://www.1mg.com/otc/oshea-herbals-ubtan-glowing-tan-removing-face-scrub-otc815903
366,https://www.1mg.com/otc/native-haat-distil-exfoliating-facial-scrub-indian-sandalwood-otc476486
367,https://www.1mg.com/otc/nandika-beauty-fruit-face-scrub-otc746126
368,https://www.1mg.com/otc/nandika-beauty-fruit-face-scrub-otc746132
369,https://www.1mg.com/otc/the-mani-pedi-essential-ylang-mandarin-hands-feet-body-scrub-otc753210
370,https://www.1mg.com/otc/aravalli-neem-face-scrub-50gm-each-otc814332
371,https://www.1mg.com/otc/the-skin-story-moringa-face-scrub-otc658849
372,https://www.1mg.com/otc/nandika-beauty-gold-face-scrub-otc746123
373,https://www.1mg.com/otc/nandika-beauty-papaya-face-scrub-otc746136
374,https://www.1mg.com/otc/nandika-beauty-papaya-face-scrub-otc746122
375,https://www.1mg.com/otc/mantra-walnut-and-wheat-germ-face-scrub-for-men-otc479226
376,https://www.1mg.com/otc/pearldew-face-scrub-100gm-each-otc821368
377,https://www.1mg.com/otc/pearldew-face-scrub-100gm-each-otc821369
378,https://www.1mg.com/otc/man-arden-combo-pack-of-i-am-romantic-shampoo-body-wash-250ml-de-tan-coffee-face-scrub-100ml-otc822259
379,https://www.1mg.com/otc/nandika-beauty-de-tan-face-scrub-otc746127
380,https://www.1mg.com/otc/nandika-beauty-fruit-face-scrub-otc746131
381,https://www.1mg.com/otc/nandika-beauty-wine-face-scrub-otc746124
382,https://www.1mg.com/otc/nandika-beauty-gold-face-scrub-otc746134
383,https://www.1mg.com/otc/dr.-rashel-almond-scrub-otc855148
384,https://www.1mg.com/otc/plum-candy-melts-vegan-lip-scrub-red-velvet-love-otc859071
385,https://www.1mg.com/otc/keya-seth-aromatherapy-honey-gel-scrub-otc842079
386,https://www.1mg.com/otc/zeoveda-rose-sugar-scrub-otc842031
387,https://www.1mg.com/otc/glow-up-papaya-turmeric-face-scrub-otc843287
388,https://www.1mg.com/otc/dr.-rashel-pearl-scrub-otc855147
389,https://www.1mg.com/otc/dr.-rashel-charcoal-scrub-otc855150
390,https://www.1mg.com/otc/dr.-rashel-olive-scrub-otc855149
391,https://www.1mg.com/otc/plum-candy-melts-vegan-lip-scrub-mint-o-coco-otc859016
392,https://www.1mg.com/otc/keya-seth-aromatherapy-orange-gel-scrub-otc842115
393,https://www.1mg.com/otc/dr.-rashel-multani-mitti-scrub-otc855146
394,https://www.1mg.com/otc/zeoveda-rose-sugar-scrub-otc842031
395,https://www.1mg.com/otc/panchvati-herbals-blush-beauty-face-body-scrub-gel-otc848644
396,https://www.1mg.com/otc/ganeve-london-luxury-shower-scrub-orange-green-tea-otc860391
397,https://www.1mg.com/otc/mcaffeine-naked-raw-coffee-face-scrub-cappuccino-otc853077
398,https://www.1mg.com/otc/zeoveda-charcoal-purifying-scrub-otc842034
399,https://www.1mg.com/otc/mcaffeine-coffee-sugar-body-scrub-with-pomegranate-otc839198
400,https://www.1mg.com/otc/mcaffeine-summer-ready-green-tea-kit-otc863944
401,https://www.1mg.com/otc/ganeve-london-luxury-shower-scrub-coffee-patchouli-otc860343
402,https://www.1mg.com/otc/zeoveda-lavender-sugar-scrub-otc842032
403,https://www.1mg.com/otc/zeoveda-charcoal-purifying-scrub-otc842034
404,https://www.1mg.com/otc/mcaffeine-coffee-sugar-body-scrub-with-coconut-otc839197
405,https://www.1mg.com/otc/ganeve-london-luxury-shower-scrub-english-rose-pomegranate-otc860370
406,https://www.1mg.com/otc/ganeve-london-luxury-shower-scrub-orange-green-tea-otc860382
407,https://www.1mg.com/otc/zeoveda-lavender-sugar-scrub-otc842032
408,https://www.1mg.com/otc/zeoveda-tea-tree-sea-salt-scrub-otc842033
409,https://www.1mg.com/otc/mcaffeine-naked-raw-coffee-face-scrub-otc853066
410,https://www.1mg.com/otc/khadi-pure-herbal-apricot-walnut-cream-scrub-with-sheabutter-50gm-each-otc838652
411,https://www.1mg.com/otc/khadi-pure-herbal-almond-honey-exfoliating-facial-scrub-50gm-each-otc838873
412,https://www.1mg.com/otc/khadi-pure-herbal-almond-honey-exfoliating-facial-scrub-50gm-each-otc838872
413,https://www.1mg.com/otc/ganeve-london-luxury-shower-scrub-coffee-patchouli-otc860334
414,https://www.1mg.com/otc/khadi-pure-herbal-apricot-walnut-cream-scrub-with-sheabutter-50gm-each-otc838653
415,https://www.1mg.com/otc/khadi-pure-herbal-gold-face-scrub-50gm-each-otc838877
416,https://www.1mg.com/otc/khadi-pure-herbal-almond-honey-exfoliating-facial-scrub-100gm-each-otc838868
417,https://www.1mg.com/otc/khadi-pure-herbal-almond-honey-exfoliating-facial-scrub-100gm-each-otc838869
418,https://www.1mg.com/otc/khadi-pure-herbal-rose-papaya-face-scrub-50gm-each-otc838882
419,https://www.1mg.com/otc/khadi-pure-herbal-rose-papaya-face-scrub-50gm-each-otc838883
420,https://www.1mg.com/otc/khadi-pure-herbal-gold-face-scrub-50gm-each-otc838878
421,https://www.1mg.com/otc/biotique-bio-papaya-revitalizing-tan-removal-scrub-for-all-skin-types-otc707766
422,https://www.1mg.com/otc/kaylite-vitamin-c-cream-otc673105
423,https://www.1mg.com/otc/avene-cleanance-mask-otc275403
424,https://www.1mg.com/otc/lotus-herbals-apriscrub-fresh-apricot-scrub-otc377797
425,https://www.1mg.com/otc/microwin-povishield-7.5-surgical-scrub-otc647012
426,https://www.1mg.com/otc/the-man-company-premium-grooming-essentials-for-men-charcoal-face-wash-100ml-peel-off-mask-face-scrub-100gm-each-otc603546
427,https://www.1mg.com/otc/inlife-fruit-face-scrub-otc344413
428,https://www.1mg.com/otc/kozicare-skin-whitening-scrub-otc514686
429,https://www.1mg.com/otc/himalaya-gentle-exfoliating-scrub-apricot-otc326406
430,https://www.1mg.com/otc/himalaya-purifying-neem-scrub-otc326403
431,https://www.1mg.com/otc/omved-therapies-loofah-vetiver-bath-scrub-otc561007
432,https://www.1mg.com/otc/dermatouch-bye-bye-pigmentation-gentle-exfoliating-face-scrub-otc735261
433,https://www.1mg.com/otc/the-man-company-combo-pack-of-charcoal-face-wash-100ml-charcoal-face-scrub-100gm-otc603495
434,https://www.1mg.com/otc/himalaya-gentle-exfoliating-scrub-walnut-otc326405
435,https://www.1mg.com/otc/ozone-d-tan-scrub-otc676270
436,https://www.1mg.com/otc/lotus-herbals-whiteglow-oatmeal-and-yogurt-skin-whitening-scrub-otc377890
437,https://www.1mg.com/otc/the-moms-co.-natural-coffee-cranberry-face-scrub-otc772861
438,https://www.1mg.com/otc/dr.-vegan-khadi-face-scrub-bamboo-charcoal-otc674980
439,https://www.1mg.com/otc/qraa-men-skin-whitening-face-scrub-otc804640
440,https://www.1mg.com/otc/palmer-s-cocoa-butter-formula-with-vitamin-e-micro-fine-exfoliating-facial-scrub-otc692565
441,https://www.1mg.com/otc/lotus-herbals-apriscrub-fresh-apricot-scrub-otc377793
442,https://www.1mg.com/otc/microwin-povishield-7.5-surgical-scrub-otc647434
443,https://www.1mg.com/otc/caryl-cocoa-coffee-face-scrub-otc796359
444,https://www.1mg.com/otc/dr.-vegan-khadi-face-scrub-papaya-otc675565
445,https://www.1mg.com/otc/vaadi-herbals-strawberry-scrub-face-wash-otc808694
446,https://www.1mg.com/otc/man-arden-anti-acne-face-scrub-otc631289
447,https://www.1mg.com/otc/incredible-man-face-scrub-otc719880
448,https://www.1mg.com/otc/siddhayu-kumkumadi-detan-glow-face-scrub-otc777006
449,https://www.1mg.com/otc/swisse-skincare-bamboo-skin-refining-exfoliator-otc604078
450,https://www.1mg.com/otc/ustraa-tough-men-s-face-kit-face-scrub-100gm-face-wash-100gm-de-tan-face-mask-125gm-de-tan-face-cream-50gm-otc638092
451,https://www.1mg.com/otc/sanfe-brightening-intimate-scrub-cranberry-jojoba-otc635834
452,https://www.1mg.com/otc/cosmo-fruit-burst-smoothie-face-body-scrub-grape-cherry-otc677187
453,https://www.1mg.com/otc/lotus-herbals-safe-sun-absolute-anti-tan-scrub-otc377826
454,https://www.1mg.com/otc/the-moms-co.-natural-green-tea-face-scrub-otc772862
455,https://www.1mg.com/otc/combo-pack-of-dermatouch-bye-bye-pigmentation-gentle-exfoliating-face-scrub-100gm-dermatouch-bye-bye-pigmentation-cream-30gm-otc783242
456,https://www.1mg.com/otc/auravedic-radiance-by-nature-face-polish-otc508899
457,https://www.1mg.com/otc/st.-ives-fresh-skin-apricot-scrub-otc625451
458,https://www.1mg.com/otc/himalaya-purifying-neem-face-scrub-otc795436
459,https://www.1mg.com/otc/clean-clear-blackhead-clearing-daily-scrub-otc514491
460,https://www.1mg.com/otc/3m-avagard-4-chg-scrub-otc392843
461,https://www.1mg.com/otc/3m-avagard-4-chg-scrub-otc392842
462,https://www.1mg.com/otc/cosmo-skin-naturals-beauty-treat-exfoliating-face-scrub-honey-almond-otc677260
463,https://www.1mg.com/otc/chocolite-scrub-otc397973
464,https://www.1mg.com/otc/st.-ives-gentle-smoothing-oatmeal-scrub-mask-otc626571
465,https://www.1mg.com/otc/klairs-gentle-black-sugar-facial-polish-otc533954
466,https://www.1mg.com/otc/matra-scrub-activated-charcoal-otc556309
467,https://www.1mg.com/otc/the-man-company-charcoal-face-scrub-otc515322
468,https://www.1mg.com/otc/everyuth-naturals-clear-skin-combo-otc632703
469,https://www.1mg.com/otc/greenberry-organics-bio-active-tan-removing-exfoliating-scrub-otc565125
470,https://www.1mg.com/otc/ozone-herbals-jasmine-scrub-otc676247
471,https://www.1mg.com/otc/cosmo-fruit-burst-smoothie-face-body-scrub-pomegranate-otc677196
472,https://www.1mg.com/otc/himalaya-clear-complexion-brightening-mulethi-face-scrub-otc795461
473,https://www.1mg.com/otc/patanjali-ayurveda-apricot-scrub-with-wheat-germ-and-aloe-vera-otc501376
474,https://www.1mg.com/otc/biotique-bio-morning-nectar-visibly-whitening-scrub-wash-otc824949
475,https://www.1mg.com/otc/gemblue-biocare-sandal-and-turmeric-scrub-otc776909
476,https://www.1mg.com/otc/medimix-ayurvedic-everyday-face-scrub-face-wash-otc501190
477,https://www.1mg.com/otc/himalaya-clear-complexion-brightening-mulethi-face-scrub-otc795462
478,https://www.1mg.com/otc/himalaya-purifying-neem-face-scrub-otc795437
479,https://www.1mg.com/otc/bombay-shaving-company-combo-pack-of-charcoal-face-pack-charcoal-face-scrub-charcoal-face-wash-100gm-each-otc647884
480,https://www.1mg.com/otc/vlcc-walnut-face-scrub-otc372121
481,https://www.1mg.com/otc/ozone-organics-aloe-vera-scrub-soap-otc389887
482,https://www.1mg.com/otc/tjori-oil-control-almond-facial-scrub-otc513468
483,https://www.1mg.com/otc/body-cupid-coffee-body-scrub-otc828027
484,https://www.1mg.com/otc/ustraa-date-ready-kit-hair-wax-100gm-face-scrub-100gm-de-tan-face-mask-125gm-de-tan-cream-50gm-cologne-scuba-100ml-otc638073
485,https://www.1mg.com/otc/gemblue-biocare-charcoal-scrub-otc776891
486,https://www.1mg.com/otc/ethicare-remedies-ideal-skin-care-combo-otc645616
487,https://www.1mg.com/otc/himalaya-blackhead-clearing-walnut-face-scrub-otc795447
488,https://www.1mg.com/otc/tjori-skin-clarifying-citrus-facial-scrub-otc513465
489,https://www.1mg.com/otc/moha-scrub-soap-otc528441
490,https://www.1mg.com/otc/azani-active-care-bump-eraser-body-scrub-otc681804
491,https://www.1mg.com/otc/gemblue-biocare-sandal-scrub-otc776910
492,https://www.1mg.com/otc/lotus-herbals-berryscrub-strawberry-and-aloe-vera-exfoliating-face-wash-otc377798
493,https://www.1mg.com/otc/noreva-exfoliac-facial-scrub-otc461028
494,https://www.1mg.com/otc/tbc-charcoal-black-scrub-wash-otc523849
495,https://www.1mg.com/otc/himalaya-gentle-exfoliating-apricot-face-scrub-otc795458
496,https://www.1mg.com/otc/himalaya-gentle-exfoliating-apricot-face-scrub-otc795457
497,https://www.1mg.com/otc/bakson-s-face-scrub-with-aloevera-cucumber-papaya-otc402152
498,https://www.1mg.com/otc/khadi-india-neem-scrub-handmade-luxurious-bathing-bar-otc559840
499,https://www.1mg.com/otc/bio-beauty-soap-scrub-soap-otc476348
500,https://www.1mg.com/otc/cosmo-fruit-burst-smoothie-face-body-scrub-mixed-fruit-otc677394
501,https://www.1mg.com/otc/cosmo-fruit-burst-smoothie-face-body-scrub-mixed-fruit-otc677190
502,https://www.1mg.com/otc/beardo-activated-charcoal-face-scrub-otc689126
503,https://www.1mg.com/otc/siddhayu-kumkumadi-detan-glow-face-scrub-otc777007
504,https://www.1mg.com/otc/gemblue-biocare-diamond-scrub-otc776980
505,https://www.1mg.com/otc/the-man-company-de-tan-deep-ritual-charcoal-face-wash-100ml-charcoal-face-scrub-100gm-sunscreen-lotion-59ml-otc609631
506,https://www.1mg.com/otc/himalaya-tan-removal-orange-face-scrub-otc795467
507,https://www.1mg.com/otc/astaberry-combo-pack-of-papaya-wine-face-wash-apricot-scrub-100ml-each-otc540092
508,https://www.1mg.com/otc/cosmo-fruit-burst-smoothie-face-body-scrub-pink-lemon-mandarin-otc677202
509,https://www.1mg.com/otc/vlcc-ayush-men-face-wash-100gm-with-ayush-men-face-scrub-50gm-free-otc540811
510,https://www.1mg.com/otc/sanfe-combo-pack-of-underarm-detox-exfoliator-50gm-and-apple-cider-vinegar-cranberry-intimate-wash-for-women-100ml-otc684942
511,https://www.1mg.com/otc/coal-clean-beauty-mother-of-pearl-face-scrub-for-men-otc823929
512,https://www.1mg.com/otc/gemblue-biocare-de-tan-scrub-otc776894
513,https://www.1mg.com/otc/men-swag-gentleman-s-secret-box-otc660815
514,https://www.1mg.com/otc/gemblue-biocare-papaya-scrub-otc776906
515,https://www.1mg.com/otc/gemblue-biocare-wine-beer-scrub-otc776913
516,https://www.1mg.com/otc/tjori-pulpy-papaya-and-rose-facial-scrub-otc513737
517,https://www.1mg.com/otc/gemblue-biocare-mint-scrub-otc776903
518,https://www.1mg.com/otc/palmolive-brightening-souffle-face-scrub-kesar-roman-chamomile-essential-oil-otc757215
519,https://www.1mg.com/otc/tjori-rosemary-orange-for-oily-skin-facial-scrub-otc513472
520,https://www.1mg.com/otc/gemblue-biocare-banana-scrub-otc776886
521,https://www.1mg.com/otc/bare-body-essentials-be-a-pataka-with-vitamin-c-face-wash-100ml-moist-me-face-moisturizer-50g-retinol-face-serum-25ml-and-sunscreen-gel-30g-otc708462
522,https://www.1mg.com/otc/tjori-indian-rose-facial-scrub-otc513688
523,https://www.1mg.com/otc/ozone-organics-turmeric-scrub-soap-otc389892
524,https://www.1mg.com/otc/coal-clean-beauty-mother-of-pearl-face-scrub-for-men-otc825401
525,https://www.1mg.com/otc/gemblue-biocare-charcoal-scrub-otc776890
526,https://www.1mg.com/otc/orgera-aloevera-walnut-with-scrub-sls-paraben-free-face-wash-otc491181
527,https://www.1mg.com/otc/gemblue-biocare-chocolate-face-scrub-otc776968
528,https://www.1mg.com/otc/tjori-rice-facial-scrub-otc513464
529,https://www.1mg.com/otc/gemblue-biocare-pearl-scrub-otc776907
530,https://www.1mg.com/otc/vaquita-antimicrobial-silicone-face-scrubber-and-cleanser-massager-otc783614
531,https://www.1mg.com/otc/the-tribe-concepts-face-brightening-cleanser-otc721906
532,https://www.1mg.com/otc/khadi-naturals-ayurvedic-face-wash-aloevera-with-scrub-sls-paraben-free-otc378192
533,https://www.1mg.com/otc/tjori-tan-removal-sundried-oranges-papaya-facial-scrub-otc513471
534,https://www.1mg.com/otc/tjori-papaya-nectar-facial-scrub-otc513466
535,https://www.1mg.com/otc/auravedic-pure-lightening-skin-polish-otc508894
536,https://www.1mg.com/otc/himalaya-tan-removal-orange-face-scrub-otc795468
537,https://www.1mg.com/otc/st.botanica-bulgarian-rose-otto-glow-body-scrub-otc585199
538,https://www.1mg.com/otc/dr.-vegan-khadi-face-scrub-coffee-otc674981
539,https://www.1mg.com/otc/tjori-24-carat-gold-facial-scrub-otc513459
540,https://www.1mg.com/otc/gemblue-biocare-kiwi-scrub-otc776900
541,https://www.1mg.com/otc/gemblue-biocare-herbal-scrub-otc776899
542,https://www.1mg.com/otc/planet-ayurveda-green-tea-aloe-essential-gel-scrub-otc388748
543,https://www.1mg.com/otc/charco-3v-face-wash-scrub-otc695717
544,https://www.1mg.com/otc/vlcc-rose-face-scrub-otc372007
545,https://www.1mg.com/otc/tbc-scrub-organic-defense-papaya-skin-whitening-otc523874
546,https://www.1mg.com/otc/vlcc-specifix-professional-gentle-exfoliating-gel-otc398555
547,https://www.1mg.com/otc/cosmo-fruit-burst-smoothie-face-body-scrub-papaya-otc677192
548,https://www.1mg.com/otc/cosmo-skin-naturals-beauty-treat-exfoliating-face-scrub-apricot-otc677257
549,https://www.1mg.com/otc/cosmo-skin-naturals-beauty-treat-exfoliating-face-scrub-papaya-otc677259
550,https://www.1mg.com/otc/st.botanica-brightening-vitamin-c-combo-professional-facial-serum-20ml-gentle-foaming-face-wash-200ml-peel-off-face-mask-100ml-and-face-scrub-50gm-with-pouch-otc587033
551,https://www.1mg.com/otc/beardo-turmeric-face-scrub-otc689124
552,https://www.1mg.com/otc/gemblue-biocare-neem-scrub-otc776904
553,https://www.1mg.com/otc/natuur-orange-loofah-scrub-soap-otc525344
554,https://www.1mg.com/otc/beardo-de-tan-face-scrub-otc689125
555,https://www.1mg.com/otc/tjori-detoxying-papaya-for-oily-skin-facial-scrub-otc513474
556,https://www.1mg.com/otc/gemblue-biocare-coffee-gel-scrub-otc776892
557,https://www.1mg.com/otc/tjori-glow-enhancing-for-dry-skin-facial-scrub-otc513462
558,https://www.1mg.com/otc/tjori-non-abrasive-lemon-for-oily-skin-facial-scrub-otc513494
559,https://www.1mg.com/otc/ustraa-combo-pack-of-face-wash-neem-charcoal-200gm-de-tans-face-scrub-100gm-otc642022
560,https://www.1mg.com/otc/bellapierre-ultra-glow-face-scrub-otc493424
561,https://www.1mg.com/otc/aloe-veda-orange-and-ginger-scrub-luxury-butter-bar-otc476133
562,https://www.1mg.com/otc/gemblue-biocare-mango-scrub-otc776902
563,https://www.1mg.com/otc/oshea-herbals-aprifresh-face-scrub-otc518866
564,https://www.1mg.com/otc/gemblue-biocare-apricot-exfoliating-face-scrub-otc776967
565,https://www.1mg.com/otc/oxy-deodorizing-icy-scrub-soap-with-bamboo-charcoal-otc562615
566,https://www.1mg.com/otc/tjori-marigold-facial-scrub-otc513470
567,https://www.1mg.com/otc/cosmo-fruit-burst-smoothie-face-body-scrub-berry-otc677194
568,https://www.1mg.com/otc/man-arden-combo-pack-of-sunblock-sports-sunscreen-spf-50-100ml-vitamins-shot-face-serum-30ml-de-tan-face-scrub-100ml-otc815804
569,https://www.1mg.com/otc/tbc-scrub-jewel-luxury-skin-whitening-otc523875
570,https://www.1mg.com/otc/organic-harvest-anti-tan-scrub-otc482488
571,https://www.1mg.com/otc/gemblue-biocare-gold-scrub-otc776898
572,https://www.1mg.com/otc/tjori-apricot-gel-scrub-otc513582
573,https://www.1mg.com/otc/gemblue-biocare-aloevera-scrub-otc776885
574,https://www.1mg.com/otc/aroma-magic-mineral-glow-scrub-otc474174
575,https://www.1mg.com/otc/gemblue-biocare-blackhead-scrub-otc776889
576,https://www.1mg.com/otc/gemblue-biocare-cucumber-scrub-otc776893
577,https://www.1mg.com/otc/tjori-super-smooth-honey-almond-facial-scrub-otc513458
578,https://www.1mg.com/otc/gemblue-biocare-orange-face-scrub-otc776971
579,https://www.1mg.com/otc/tjori-juicy-orange-for-oily-skin-facial-scrub-otc513463
580,https://www.1mg.com/otc/gemblue-biocare-oatmeal-face-scrub-otc780667
581,https://www.1mg.com/otc/cosmo-fruit-burst-smoothie-face-body-scrub-grape-cherry-otc677189
582,https://www.1mg.com/otc/gemblue-biocare-neem-cleansing-scrub-otc776905
583,https://www.1mg.com/otc/oshea-herbals-glopure-face-scrub-otc518865
584,https://www.1mg.com/otc/gemblue-biocare-black-seed-scrub-otc776887
585,https://www.1mg.com/otc/khadi-india-apricot-scrub-handmade-luxurious-bathing-bar-otc559755
586,https://www.1mg.com/otc/gemblue-biocare-strawberry-scrub-otc776912
587,https://www.1mg.com/otc/gemblue-biocare-apricot-exfoliating-face-scrub-otc776966
588,https://www.1mg.com/otc/oshea-herbals-aprifresh-face-scrub-otc518864
589,https://www.1mg.com/otc/cosmo-fruit-burst-smoothie-face-body-scrub-berry-otc677206
590,https://www.1mg.com/otc/khadi-meghdoot-activated-charcoal-scrub-otc627916
591,https://www.1mg.com/otc/cosmo-fruit-burst-smoothie-face-body-scrub-mint-melon-kiwi-otc677212
592,https://www.1mg.com/otc/tjori-natural-blush-almond-meal-facial-scrub-otc513469
593,https://www.1mg.com/otc/gemblue-biocare-skin-brightening-scrub-otc776911
594,https://www.1mg.com/otc/bakson-s-apricot-aloevera-with-neem-cucumber-scrub-otc402154
595,https://www.1mg.com/otc/gemblue-biocare-apple-cider-vinegar-scrub-otc780671
596,https://www.1mg.com/otc/tjori-skin-balancing-facial-scrub-otc513685
597,https://www.1mg.com/otc/gemblue-biocare-lavender-scrub-otc776901
598,https://www.1mg.com/otc/caryl-clean-clear-sugar-scrub-otc796343
599,https://www.1mg.com/otc/gemblue-biocare-argan-oil-scrub-otc780865
600,https://www.1mg.com/otc/bema-white-lightening-face-scrub-otc487243
601,https://www.1mg.com/otc/man-arden-7x-activated-charcoal-face-scrub-otc486074
602,https://www.1mg.com/otc/tjori-revitalizing-lemon-rose-facial-scrub-otc513683
603,https://www.1mg.com/otc/tjori-anti-aging-red-wine-facial-scrub-otc513461
604,https://www.1mg.com/otc/gemblue-biocare-fruit-scrub-otc776897
605,https://www.1mg.com/otc/luxurious-activated-charcoal-scrub-otc544084
606,https://www.1mg.com/otc/ozone-organics-jasmine-scrub-soap-otc389894
607,https://www.1mg.com/otc/healthvit-black-head-eliminating-face-scrub-otc410818
608,https://www.1mg.com/otc/gemblue-biocare-gold-face-scrub-otc776969
609,https://www.1mg.com/otc/tjori-skin-energizing-facial-scrub-otc513467
610,https://www.1mg.com/otc/coal-clean-beauty-di-lusso-turmeric-face-neck-scrub-otc726261
611,https://www.1mg.com/otc/vlcc-indian-berberry-face-scrub-otc541277
612,https://www.1mg.com/otc/evalife-natural-scrub-tea-tree-with-rosemarry-oil-almond-shell-granules-otc511589
613,https://www.1mg.com/otc/vedantika-herbals-ubtan-body-scrub-otc390360
614,https://www.1mg.com/otc/vlcc-papaya-apricot-face-scrub-otc371991
615,https://www.1mg.com/otc/healing-pharma-x-heal-scrub-face-wash-charcoal-menthol-otc512250
616,https://www.1mg.com/otc/gemblue-biocare-dead-sea-mineral-infused-scrub-otc776895
617,https://www.1mg.com/otc/gemblue-biocare-rose-petal-scrub-otc780870
618,https://www.1mg.com/otc/azani-active-care-beetroot-lip-scrub-otc681687
619,https://www.1mg.com/otc/caryl-exfoliating-salt-scrub-otc796332
620,https://www.1mg.com/otc/parampara-ayurved-angoshree-face-body-scrubber-otc743931
621,https://www.1mg.com/otc/oshea-herbals-glopure-face-scrub-otc518867
622,https://www.1mg.com/otc/jiolife-fair-glow-face-wash-scrub-otc498037
623,https://www.1mg.com/otc/gemblue-biocare-fruit-scrub-otc776982
624,https://www.1mg.com/otc/lotus-herbals-berryscrub-strawberry-and-aloe-vera-exfoliating-face-wash-otc377799
625,https://www.1mg.com/otc/bare-body-essentials-winter-essentials-combo-of-lip-scrub-15gm-body-butter-cream-100gm-moist-me-face-moisturizer-50gm-and-lip-serum-roll-on-8ml-otc708530
626,https://www.1mg.com/otc/gemblue-biocare-vitamin-c-scrub-otc780871
627,https://www.1mg.com/otc/kamdhenu-skin-detox-body-scrub-sandal-orange-otc557415
628,https://www.1mg.com/otc/tjori-anti-pigmentation-facial-scrub-otc513473
629,https://www.1mg.com/otc/combo-pack-of-origine-naturespired-aloe-triphala-750ml-face-wash-100ml-face-pack-100gm-face-scrub-100gm-otc798346
630,https://www.1mg.com/otc/coal-clean-beauty-mother-of-pearl-face-scrub-for-women-otc823924
631,https://www.1mg.com/otc/cosmo-fruit-burst-smoothie-face-body-scrub-apricot-peach-otc677208
632,https://www.1mg.com/otc/man-arden-grooming-essentials-kit-7x-after-shave-balm-charcoal-face-scrub-charcoal-face-mask-100ml-each-otc496137
633,https://www.1mg.com/otc/man-arden-de-tan-brightening-face-scrub-otc491616
634,https://www.1mg.com/otc/dermal-tea-tree-white-scrub-cleanser-otc514977
635,https://www.1mg.com/otc/vedantika-herbals-ubtan-body-scrub-otc498854
636,https://www.1mg.com/otc/gemblue-biocare-diamond-scrub-otc776896
637,https://www.1mg.com/otc/tjori-basil-skin-protection-sugar-scrub-otc513575
638,https://www.1mg.com/otc/tjori-oxygen-therapy-facial-scrub-otc513460
639,https://www.1mg.com/otc/gemblue-biocare-saffron-scrub-otc776908
640,https://www.1mg.com/otc/bio-beauty-daily-coffee-scrub-otc500165
641,https://www.1mg.com/otc/body-cupid-activated-charcoal-body-scrub-otc828024
642,https://www.1mg.com/otc/moha-herbal-scrub-otc528436
643,https://www.1mg.com/otc/kojo-gentle-exfoliating-scrub-otc715977
644,https://www.1mg.com/otc/pureganics-strawberry-seed-scrub-otc642018
645,https://www.1mg.com/otc/gemblue-biocare-blackhead-scrub-otc776888
646,https://www.1mg.com/otc/auli-blueberry-smoothie-body-scrub-otc741839
647,https://www.1mg.com/otc/st.-ives-energizing-coconut-coffee-scrub-otc625452
648,https://www.1mg.com/otc/st.-ives-radiant-skin-pink-lemon-mandarin-orange-scrub-otc625453
649,https://www.1mg.com/otc/inatur-ayurveda-kumkumadi-scrub-otc482556
650,https://www.1mg.com/otc/tjori-refreshing-coffee-vanilla-salt-scrub-otc513571
651,https://www.1mg.com/otc/vaadi-herbals-face-and-body-scrub-with-walnut-and-apricot-otc373885
652,https://www.1mg.com/otc/khadi-mauri-herbal-apricot-face-scrub-otc399995
653,https://www.1mg.com/otc/tjori-detoxifying-blueberry-and-plum-sea-salt-scrub-otc513590
654,https://www.1mg.com/otc/tjori-glow-boosting-indian-madder-sugar-scrub-otc513574
655,https://www.1mg.com/otc/oxy-activated-charcoal-icy-face-scrub-otc562624
656,https://www.1mg.com/otc/tjori-insantly-awakening-robusta-salt-scrub-otc513572
657,https://www.1mg.com/otc/pureganics-coffee-beans-scrub-otc642017
658,https://www.1mg.com/otc/jullaaha-combo-pack-of-melon-aloe-vera-bathing-bar-and-vetiver-bath-scrub-otc413022
659,https://www.1mg.com/otc/tjori-natures-blessing-marigold-scrub-otc513592
660,https://www.1mg.com/otc/st.botanica-vitamin-c-e-hyaluronic-acid-brightening-face-scrub-otc465616
661,https://www.1mg.com/otc/chocolite-scrub-100ml-each-otc714790
662,https://www.1mg.com/otc/khadi-naturals-ayurvedic-basil-scrub-soap-otc498622
663,https://www.1mg.com/otc/vedantika-herbals-skin-polishing-scrub-otc374127
664,https://www.1mg.com/otc/aloe-veda-orange-and-ginger-scrub-luxury-butter-bar-otc476129
665,https://www.1mg.com/otc/khadi-naturals-sandalwood-scrub-herbal-soap-otc498400
666,https://www.1mg.com/otc/astaberry-face-wash-scrub-orange-otc540098
667,https://www.1mg.com/otc/tjori-extensive-coconut-milk-scrub-otc513568
668,https://www.1mg.com/otc/tjori-haldi-chandan-facial-scrub-otc513457
669,https://www.1mg.com/otc/naturals-face-scrub-skin-brightening-gold-otc530493
670,https://www.1mg.com/otc/st.botanica-arabica-coffee-face-scrub-otc631094
671,https://www.1mg.com/otc/alluring-aromatic-veda-oats-honey-scrubber-otc650371
672,https://www.1mg.com/otc/man-arden-combo-pack-of-beard-elixir-sandalwood-50ml-de-tan-face-scrub-100ml-beard-softener-50gm-otc819810
673,https://www.1mg.com/otc/tjori-thyme-time-reversal-scrub-otc513576
674,https://www.1mg.com/otc/gemblue-biocare-wine-beer-scrub-otc776914
675,https://www.1mg.com/otc/man-arden-combo-pack-of-neem-face-scrub-face-pack-100-gm-each-otc815805
676,https://www.1mg.com/otc/tjori-natures-blessing-green-tea-scrub-otc513591
677,https://www.1mg.com/otc/tjori-soothing-cucumber-and-aloe-vera-scrub-otc513585
678,https://www.1mg.com/otc/tjori-cinnamon-skin-renewal-body-scrub-otc513661
679,https://www.1mg.com/otc/tjori-rose-petal-sugar-scrub-otc513580
680,https://www.1mg.com/otc/aloe-veda-chocolate-and-coffee-scrub-luxury-butter-bar-otc476144
681,https://www.1mg.com/otc/seer-secrets-lip-scrub-otc648123
682,https://www.1mg.com/otc/tjori-vanilla-sugar-body-scrub-otc513660
683,https://www.1mg.com/otc/st.botanica-colombian-supremo-coffee-body-scrub-otc631112
684,https://www.1mg.com/otc/man-arden-combo-pack-of-de-tan-face-scrub-coffee-peel-off-mask-charcoal-face-wash-100ml-each-otc815784
685,https://www.1mg.com/otc/tjori-honey-almond-scrub-otc513567
686,https://www.1mg.com/otc/sanfe-underarm-detox-exfoliator-dead-sea-mud-blue-sea-kale-otc656482
687,https://www.1mg.com/otc/auli-fruity-fresh-instant-purifying-face-wash-scrub-otc741521
688,https://www.1mg.com/otc/mom-world-neem-aloe-vera-face-scrub-otc631442
689,https://www.1mg.com/otc/urban-botanics-tea-tree-neem-basil-face-scrub-otc774360
690,https://www.1mg.com/otc/gemblue-biocare-tomato-face-scrub-otc780669
691,https://www.1mg.com/otc/khadi-organique-natural-face-wash-aloevera-with-scrub-sls-paraben-free-otc482925
692,https://www.1mg.com/otc/tnw-the-natural-wash-oats-scrub-otc563322
693,https://www.1mg.com/otc/coal-clean-beauty-mother-of-pearl-face-scrub-otc726234
694,https://www.1mg.com/otc/nyassa-rose-and-lychee-face-and-body-scrub-otc373624
695,https://www.1mg.com/otc/man-arden-grooming-essentials-kit-charcoal-peel-off-mask-charcoal-face-wash-charcoal-ace-scrub-100ml-each-otc548560
696,https://www.1mg.com/otc/tjori-skin-immunity-booster-sugar-scrub-otc513577
697,https://www.1mg.com/otc/gemblue-biocare-green-lemon-face-scrub-otc776970
698,https://www.1mg.com/otc/volamena-arabica-coffee-slimming-body-scrub-otc507941
699,https://www.1mg.com/otc/vedantika-herbals-facial-scrub-otc498365
700,https://www.1mg.com/otc/bare-body-essentials-bum-squad-combo-of-bum-cream-60gm-and-bum-scrub-60gm-otc708473
701,https://www.1mg.com/otc/tjori-invigorating-anti-cellulitide-salt-scrub-otc513570
702,https://www.1mg.com/otc/st.botanica-24k-gold-face-scrub-otc409573
703,https://www.1mg.com/otc/tjori-tender-coconut-sugar-scrub-otc513573
704,https://www.1mg.com/otc/man-arden-combo-pack-of-sunblock-sport-sunscreen-100ml-hydrating-face-cream-50gm-de-tan-face-scrub-100ml-otc814874
705,https://www.1mg.com/otc/the-bombay-scent-vitamin-c-face-scrub-otc741511
706,https://www.1mg.com/otc/bio-beauty-daily-olive-oil-cocoa-butter-almond-scrub-variant.name-otc500168
707,https://www.1mg.com/otc/tbc-scrub-organic-spa-papaya-skin-whitening-otc523876
708,https://www.1mg.com/otc/tjori-tea-tree-and-aloe-vera-scrub-otc513670
709,https://www.1mg.com/otc/khadi-india-rose-face-scrub-otc560441
710,https://www.1mg.com/otc/loee-bobvn-combo-pack-of-smooth-serene-facewash-100ml-and-even-better-exfoliating-scrub-100gm-otc685969
711,https://www.1mg.com/otc/aroma-magic-coffee-bean-scrub-otc474169
712,https://www.1mg.com/otc/vagad-s-khadi-herbal-active-charcoal-scrub-with-tea-tree-oil-otc747932
713,https://www.1mg.com/otc/man-arden-sunlit-grooming-combo-coffee-peel-off-spf50-sunblock-sports-sunscreen-and-de-tan-face-scrub-100ml-each-with-pouch-otc587084
714,https://www.1mg.com/otc/vanya-anaarcleanse-body-scrub-otc565326
715,https://www.1mg.com/otc/tjori-honey-scrub-otc513581
716,https://www.1mg.com/otc/organic-harvest-exfoliating-face-scrub-otc482487
717,https://www.1mg.com/otc/goodcare-natural-glow-gel-face-scrub-otc525249
718,https://www.1mg.com/otc/simply-earth-coffee-sugar-scrub-otc554993
719,https://www.1mg.com/otc/scrub-soap-otc243203
720,https://www.1mg.com/otc/auli-exfoliating-scrub-otc741872
721,https://www.1mg.com/otc/vaadi-herbals-value-pack-of-papaya-fairness-scrub-gel-with-honey-saffron-otc498367
722,https://www.1mg.com/otc/bio-beauty-daily-berry-berry-scrub-otc500164
723,https://www.1mg.com/otc/tjori-vitamin-c-rich-apricot-scrub-otc513588
724,https://www.1mg.com/otc/khadi-india-sandalwood-face-scrub-otc560442
725,https://www.1mg.com/otc/imiana-rhoco-2-in-1-scrub-mask-otc479024
726,https://www.1mg.com/otc/aroma-treasures-turmeric-apricot-gentle-scrub-otc485251
727,https://www.1mg.com/otc/vaadi-herbals-value-pack-of-face-body-scrub-with-walnut-apricot-otc498345
728,https://www.1mg.com/otc/tjori-chai-masala-body-scrub-otc513664
729,https://www.1mg.com/otc/aroma-treasures-lemon-and-apricot-scrub-for-hands-and-feet-otc485252
730,https://www.1mg.com/otc/tjori-foot-scrub-coffee-foot-salt-otc513687
731,https://www.1mg.com/otc/inlife-activated-charcoal-face-scrub-otc558979
732,https://www.1mg.com/otc/afflatus-apricot-and-walnut-facial-scrub-otc489800
733,https://www.1mg.com/otc/tjori-glow-restoring-rose-and-cucumber-scrub-otc513583
734,https://www.1mg.com/otc/bio-beauty-daily-haldi-chandan-scrub-otc500166
735,https://www.1mg.com/otc/the-moms-co.-natural-green-tea-body-scrub-otc772749
736,https://www.1mg.com/otc/choonkar-body-scrub-coffee-otc574924
737,https://www.1mg.com/otc/lely-s-coffee-scrub-otc739068
738,https://www.1mg.com/otc/jiolife-walnut-and-apricot-face-scrub-otc498027
739,https://www.1mg.com/otc/tjori-anti-hyperpigmentation-scrub-during-pregnancy-otc513674
740,https://www.1mg.com/otc/tjori-refreshing-bath-salt-scrub-otc513578
741,https://www.1mg.com/otc/naturz-ayurveda-combo-pack-of-glohills-scrub-cream-15gm-and-mud-pack-15gm-otc387335
742,https://www.1mg.com/otc/tjori-anti-aging-roasted-coffee-scrub-otc513671
743,https://www.1mg.com/otc/aravalli-neem-combo-pack-of-face-scrub-50gm-2-body-cleanser-125gm-each-otc817250
744,https://www.1mg.com/otc/tjori-aromatic-rose-and-aloe-vera-scrub-otc513584
745,https://www.1mg.com/otc/vaadi-herbals-value-pack-of-strawberry-scrub-face-wash-with-mulberry-extract-otc498366
746,https://www.1mg.com/otc/choonkar-coffee-face-scrub-otc574886
747,https://www.1mg.com/otc/nyassa-rose-and-lychee-face-and-body-scrub-otc440915
748,https://www.1mg.com/otc/barber-s-club-activated-charcoal-face-scrub-otc410848
749,https://www.1mg.com/otc/first-bud-organics-bio-active-tan-removing-exfoliating-scrub-otc820920
750,https://www.1mg.com/otc/tjori-java-mint-body-scrub-otc513665
751,https://www.1mg.com/otc/planet-ayurveda-rose-almond-honey-cleansing-scrub-otc388712
752,https://www.1mg.com/otc/khadi-organique-basil-scrub-soap-otc501515
753,https://www.1mg.com/otc/projectea-green-tea-matcha-face-scrub-otc616648
754,https://www.1mg.com/otc/tjori-charcoal-scrub-otc513579
755,https://www.1mg.com/otc/khadi-naturals-ayurvedic-apricot-scrub-soap-otc498623
756,https://www.1mg.com/otc/tjori-skin-radiance-cocoa-almond-scrub-otc513569
757,https://www.1mg.com/otc/moha-herbal-scrub-otc528437
758,https://www.1mg.com/otc/qraa-men-haldi-chandan-face-scrub-otc804846
759,https://www.1mg.com/otc/le-bonheur-chocolate-kokum-butter-scrub-otc628528
760,https://www.1mg.com/otc/posch-apricot-de-tan-cream-scrub-otc646124
761,https://www.1mg.com/otc/the-real-man-caffeine-coffee-face-scrub-otc647020
762,https://www.1mg.com/otc/projectea-combo-pack-of-kombucha-face-serum-30ml-matcha-green-tea-face-wash-100ml-matcha-green-tea-face-scrub-50gm-otc616659
763,https://www.1mg.com/otc/palmer-s-coconut-oil-formula-with-vitamin-e-coconut-sugar-facial-scrub-otc692550
764,https://www.1mg.com/otc/and-the-oats-oh-so-soft-oat-face-scrub-otc804817
765,https://www.1mg.com/otc/moneshka-aloe-gold-cleansing-scrub-otc517446
766,https://www.1mg.com/otc/vlcc-specifix-professional-face-scrub-brightening-otc540846
767,https://www.1mg.com/otc/aroma-magic-mineral-glow-scrub-otc474172
768,https://www.1mg.com/otc/tbc-scrub-power-d-tan-otc523873
769,https://www.1mg.com/otc/afflatus-d-tan-scrub-otc489805
770,https://www.1mg.com/otc/vedantika-herbals-skin-polishing-scrub-otc498359
771,https://www.1mg.com/otc/organic-harvest-exfoliating-face-scrub-otc482490
772,https://www.1mg.com/otc/tjori-body-toning-fennel-scrub-otc513565
773,https://www.1mg.com/otc/nyassa-creme-de-province-face-body-scrub-otc440911
774,https://www.1mg.com/otc/aureana-essentiel-face-scrub-otc642073
775,https://www.1mg.com/otc/projectea-combo-pack-of-matcha-green-tea-face-wash-100ml-shampoo-200ml-face-scrub-50gm-otc616661
776,https://www.1mg.com/otc/tjori-coconut-lime-sugar-scrub-otc513686
777,https://www.1mg.com/otc/oxy-v-charge-scrub-face-wash-otc562609
778,https://www.1mg.com/otc/men-deserve-activated-charcoal-face-scrub-otc736877
779,https://www.1mg.com/otc/tjori-exfoliating-lemongrass-scrub-otc513587
780,https://www.1mg.com/otc/7days-foot-scrub-otc742407
781,https://www.1mg.com/otc/moon-star-face-scrub-activated-charcoal-otc530560
782,https://www.1mg.com/otc/vaadi-herbals-papaya-fairness-scrub-gel-with-honey-saffron-otc374139
783,https://www.1mg.com/otc/ovin-gentle-herbal-scrub-saffron-sandalwood-otc466282
784,https://www.1mg.com/otc/moneshka-acne-removal-cleansing-scrub-otc517445
785,https://www.1mg.com/otc/khadi-india-activated-charcoal-face-scrub-otc560436
786,https://www.1mg.com/otc/truceuticals-botaniq-mocha-coffee-vitalising-face-scrub-otc750789
787,https://www.1mg.com/otc/goodcare-natural-glow-gel-face-scrub-otc525250
788,https://www.1mg.com/otc/aegte-exfoliating-beetroot-gel-scrub-otc547387
789,https://www.1mg.com/otc/be-o-man-activated-charcoal-face-scrub-otc481467
790,https://www.1mg.com/otc/vagad-s-khadi-herbal-apricot-face-scrub-otc442946
791,https://www.1mg.com/otc/dermalogica-blackhead-clearing-pore-control-scrub-otc415159
792,https://www.1mg.com/otc/orgera-activated-bamboo-charcoal-facial-scrub-otc491264
793,https://www.1mg.com/otc/healthvit-indian-healing-clay-scrub-otc416574
794,https://www.1mg.com/otc/soul-tree-walnut-and-turmeric-face-scrub-with-cooling-sandalwood-otc482300
795,https://www.1mg.com/otc/organic-harvest-anti-tan-scrub-otc482489
796,https://www.1mg.com/otc/choonkar-tea-tree-face-scrub-otc574887
797,https://www.1mg.com/otc/vadira-walnut-face-scrub-otc510900
798,https://www.1mg.com/otc/vagad-s-khadi-sls-and-paraben-free-aloevera-scrub-face-wash-otc470367
799,https://www.1mg.com/otc/st.botanica-vaani-kapoor-s-exclusive-coffee-skin-care-kit-otc632444
800,https://www.1mg.com/otc/vaadi-herbals-strawberry-scrub-lotion-with-walnut-grains-otc374125
801,https://www.1mg.com/otc/sacredearth-herbal-face-scrub-otc591655
802,https://www.1mg.com/otc/tjori-invigorating-body-scrub-otc513658
803,https://www.1mg.com/otc/oceanic-crushed-pearls-facial-scrub-otc487195
804,https://www.1mg.com/otc/volamena-organics-radiance-glow-pink-face-scrub-watermelon-otc568474
805,https://www.1mg.com/otc/naturals-oats-jaggery-face-scrub-otc530494
806,https://www.1mg.com/otc/mothers-man-clay-face-scrub-otc456303
807,https://www.1mg.com/otc/evalife-natural-scrub-fruit-mocktail-with-almond-shell-granules-otc511588
808,https://www.1mg.com/otc/naturz-ayurveda-glohills-scrub-cream-otc387294
809,https://www.1mg.com/otc/efra-halal-scrub-papaya-otc504112
810,https://www.1mg.com/otc/gemblue-biocare-coffee-gel-scrub-otc780621
811,https://www.1mg.com/otc/tjori-citrus-hand-scrub-otc513681
812,https://www.1mg.com/otc/tjori-creamy-almond-walnut-scrub-otc513589
813,https://www.1mg.com/otc/aravalli-neem-combo-pack-of-face-scrub-100gm-2-body-cleanser-125gm-each-otc817251
814,https://www.1mg.com/otc/tjori-foot-scrub-peppermint-otc513682
815,https://www.1mg.com/otc/vanya-anaarshine-body-scrub-otc565325
816,https://www.1mg.com/otc/bare-body-essentials-pout-pataka-combo-of-collagen-face-serum-25ml-lip-serum-roll-on-8ml-and-lip-scrub-15gm-otc708554
817,https://www.1mg.com/otc/the-real-man-charcoal-face-scrub-otc647053
818,https://www.1mg.com/otc/peaurega-naturals-lustrous-coffee-and-tea-tree-tender-exfoliator-otc487979
819,https://www.1mg.com/otc/nat-esse-skin-brightening-orange-peel-powder-scrub-otc764428
820,https://www.1mg.com/otc/loee-bobvn-even-better-exfoliating-scrub-otc685919
821,https://www.1mg.com/otc/dayitva-ayurveda-pearl-smooth-scrub-otc508007
822,https://www.1mg.com/otc/greenberry-organics-mudash-3-in-1-mask-scrub-and-cleanser-otc477621
823,https://www.1mg.com/otc/natuur-face-scrub-brown-sugar-coffee-otc525692
824,https://www.1mg.com/otc/beardo-acne-control-face-scrub-otc689127
825,https://www.1mg.com/otc/aloe-veda-dates-and-apricot-exfoliating-fruit-scrub-otc476018
826,https://www.1mg.com/otc/gemblue-biocare-shea-butter-body-scrub-otc776987
827,https://www.1mg.com/otc/kabru-organic-active-scrub-enriched-with-avocado-oil-otc452461
828,https://www.1mg.com/otc/vedantika-herbals-liquorice-and-oats-body-scrub-otc498853
829,https://www.1mg.com/otc/khadi-organique-rose-and-papaya-natural-face-scrub-otc483001
830,https://www.1mg.com/otc/tjori-body-firming-gel-scrub-otc513566
831,https://www.1mg.com/otc/richfeel-nutri-face-scrub-otc524854
832,https://www.1mg.com/otc/be-o-man-activated-charcoal-and-milk-protein-tan-removal-scrub-otc481464
833,https://www.1mg.com/otc/bema-sweet-time-body-scrub-otc487230
834,https://www.1mg.com/otc/bio-valley-volcanic-ash-fairness-vitamin-scrub-otc407954
835,https://www.1mg.com/otc/khadi-naturals-almond-honey-herbal-exfoliating-facial-scrub-otc385017
836,https://www.1mg.com/otc/khadi-leafveda-basil-scrub-soap-otc499731
837,https://www.1mg.com/otc/efra-halal-scrub-neem-otc504113
838,https://www.1mg.com/otc/nandika-beauty-wine-face-scrub-otc746129
839,https://www.1mg.com/otc/gemblue-biocare-papaya-gel-scrub-otc780622
840,https://www.1mg.com/otc/dermalogica-skin-prep-scrub-otc415427
841,https://www.1mg.com/otc/oxy-v-charge-scrub-face-wash-otc562610
842,https://www.1mg.com/otc/aroma-treasures-lavender-salt-scrub-otc485291
843,https://www.1mg.com/otc/khadi-naturals-herbal-exfolalmond-honey-facial-scrub-otc326236
844,https://www.1mg.com/otc/jiolife-oil-control-face-wash-scrub-otc498036
845,https://www.1mg.com/otc/bio-beauty-daily-shea-butter-cocoa-butter-scrub-otc500169
846,https://www.1mg.com/otc/ovin-gentle-herbal-scrub-turmeric-sandalwood-otc466334
847,https://www.1mg.com/otc/tjori-vitamin-c-rich-body-scrub-otc513662
848,https://www.1mg.com/otc/vaadi-herbals-super-value-pack-of-6-enticing-lemongrass-scrub-soap-75gm-each-otc373769
849,https://www.1mg.com/otc/kabru-organic-active-enriched-with-avocado-oil-otc388721
850,https://www.1mg.com/otc/kayos-botanicals-pure-natural-pink-salt-himalayan-scrub-otc576215
851,https://www.1mg.com/otc/wow-skin-science-arabica-coffee-scrub-otc411172
852,https://www.1mg.com/otc/prakrta-mint-almond-skin-polisher-mint-and-almond-otc480390
853,https://www.1mg.com/otc/vlcc-specifix-professional-scrub-brightening-otc540845
854,https://www.1mg.com/otc/khadi-herbal-face-wash-aloe-vera-scrub-otc749269
855,https://www.1mg.com/otc/man-arden-grooming-essentials-kit-beard-face-wash-de-tan-face-scrub-charcoal-face-mask-100ml-each-otc548557
856,https://www.1mg.com/otc/vaadi-herbals-value-pack-of-enticing-lemongrass-scrub-soap-otc498376
857,https://www.1mg.com/otc/nature-s-essence-flawless-face-scrub-papaya-otc774652
858,https://www.1mg.com/otc/caryl-coffee-body-care-scrub-otc796351
859,https://www.1mg.com/otc/moneshka-spotlight-cleansing-scrub-otc517447
860,https://www.1mg.com/otc/house-of-beauty-face-scrub-with-kojic-acid-green-tea-otc809237
861,https://www.1mg.com/otc/rasalila-india-face-exfoliator-cocoa-butter-nutmeg-otc540284
862,https://www.1mg.com/otc/orgera-almond-apricot-and-walnut-facial-scrub-otc491273
863,https://www.1mg.com/otc/nyassa-sacred-sandalwood-rejuvenating-bath-salt-otc440816
864,https://www.1mg.com/otc/orgera-almond-and-honey-facial-scrub-otc491271
865,https://www.1mg.com/otc/khadi-leafveda-apricot-walnut-herbal-face-scrub-otc445159
866,https://www.1mg.com/otc/xpel-tea-tree-facial-scrub-otc800108
867,https://www.1mg.com/otc/a2-panchagavya-creamy-scrub-exfoliating-otc515981
868,https://www.1mg.com/otc/khadi-organique-apricot-scrub-soap-otc501516
869,https://www.1mg.com/otc/vagad-s-khadi-apricot-scrub-soap-with-vitamin-e-otc499701
870,https://www.1mg.com/otc/cheries-scrub-super-kiwi-otc808603
871,https://www.1mg.com/otc/man-arden-combo-pack-of-arabica-coffee-body-scrub-200ml-vitamin-shot-face-serum-30ml-otc814884
872,https://www.1mg.com/otc/letsshave-face-scrub-otc548206
873,https://www.1mg.com/otc/mothers-man-charcoal-face-scrub-otc456294
874,https://www.1mg.com/otc/posch-face-scrub-otc646122
875,https://www.1mg.com/otc/uniqaya-body-scrub-polisher-with-the-goodness-of-coffee-grapeseed-oil-otc646380
876,https://www.1mg.com/otc/choonkar-body-scrub-tea-tree-otc574925
877,https://www.1mg.com/otc/vaadi-herbals-foot-scrub-with-fenugreek-and-lemongrass-oil-otc373895
878,https://www.1mg.com/otc/naturals-body-scrub-pulpy-mango-otc530484
879,https://www.1mg.com/otc/le-bonheur-shea-butter-sugar-scrub-otc626192
880,https://www.1mg.com/otc/tjori-skin-nourishing-spice-mixture-body-scrub-otc513672
881,https://www.1mg.com/otc/ionule-msm-charcoal-diamond-scrub-otc497550
882,https://www.1mg.com/otc/ovin-gentle-herbal-scrub-walnut-chocolate-otc466310
883,https://www.1mg.com/otc/man-arden-combo-pack-of-neem-face-scrub-100gm-face-wash-100ml-otc815796
884,https://www.1mg.com/otc/nat-esse-skin-detox-scrub-otc789527
885,https://www.1mg.com/otc/tjori-hydrating-facial-massage-scrub-otc513684
886,https://www.1mg.com/otc/peaurega-naturals-nourishing-coffee-and-almond-gentle-exfoliator-otc487947
887,https://www.1mg.com/otc/osypure-exfoliating-nourishing-face-scrub-otc685186
888,https://www.1mg.com/otc/green-brown-sandalwood-revitalizing-hydrating-face-scrub-otc684676
889,https://www.1mg.com/otc/vagad-s-khadi-herbal-walnut-face-scrub-otc442958
890,https://www.1mg.com/otc/gemblue-biocare-tea-tree-gel-scrub-otc780620
891,https://www.1mg.com/otc/khadi-leafveda-papaya-face-body-scrub-gel-otc445169
892,https://www.1mg.com/otc/khadi-naturals-rose-apricot-walnut-herbal-exfoliating-facial-scrub-otc326207
893,https://www.1mg.com/otc/honey-and-spice-face-body-scrub-honey-almond-otc664702
894,https://www.1mg.com/otc/mantra-de-tan-scrub-apricot-walnut-otc767025
895,https://www.1mg.com/otc/bio-beauty-daily-neem-aloe-vera-scrub-otc500167
896,https://www.1mg.com/otc/cosmo-skin-naturals-beauty-treat-exfoliating-face-scrub-saffron-sandalwood-otc677258
897,https://www.1mg.com/otc/orgera-rose-and-papaya-facial-scrub-otc491279
898,https://www.1mg.com/otc/moloshe-body-scrub-otc719906
899,https://www.1mg.com/otc/vaadi-herbals-value-pack-of-strawberry-scrub-lotion-with-walnut-grains-otc498360
900,https://www.1mg.com/otc/khadi-naturals-ayurvedic-rose-papaya-face-scrub-otc498644
901,https://www.1mg.com/otc/7days-walnut-face-scrub-otc741836
902,https://www.1mg.com/otc/khadi-herbal-basil-scrub-soap-otc499589
903,https://www.1mg.com/otc/ionule-msm-haldi-essential-herbs-face-scrub-otc497579
904,https://www.1mg.com/otc/bipha-ayurveda-walnut-apricot-face-scrub-otc558300
905,https://www.1mg.com/otc/khadi-herbal-silver-moon-scrub-otc431912
906,https://www.1mg.com/otc/tjori-charcoal-exfoliating-body-scrub-otc513663
907,https://www.1mg.com/otc/vlcc-specifix-professional-face-scrub-age-defying-otc540847
908,https://www.1mg.com/otc/the-moms-co.-natural-coffee-cranberry-body-scrub-otc772748
909,https://www.1mg.com/otc/man-arden-combo-pack-of-neem-face-scrub-100gm-neem-foaming-face-wash-120ml-otc815803
910,https://www.1mg.com/otc/vlcc-ayush-men-face-scrub-otc498950
911,https://www.1mg.com/otc/vagad-s-khadi-herbal-almond-honey-scrub-gel-otc443073
912,https://www.1mg.com/otc/innovision-apricot-deep-cleansing-scrub-otc342443
913,https://www.1mg.com/otc/whitephlox-green-tea-scrub-otc499767
914,https://www.1mg.com/otc/nyassa-oceana-foaming-face-scrub-otc440896
915,https://www.1mg.com/otc/7days-ubtan-face-scrub-otc745347
916,https://www.1mg.com/otc/globus-apricot-scrub-otc368598
917,https://www.1mg.com/otc/posch-fenugreek-body-scrub-otc646127
918,https://www.1mg.com/otc/tjori-revitalizing-papaya-body-scrub-otc513659
919,https://www.1mg.com/otc/flying-beast-english-rose-face-scrub-otc614918
920,https://www.1mg.com/otc/mothers-man-green-tea-face-scrub-otc456296
921,https://www.1mg.com/otc/khadi-leafveda-apricot-scrub-soap-otc499737
922,https://www.1mg.com/otc/plum-chamomile-white-tea-brighten-up-face-scrub-otc595850
923,https://www.1mg.com/otc/skivia-kumkumadi-face-scrub-otc806705
924,https://www.1mg.com/otc/nandika-beauty-diamond-face-scrub-otc746130
925,https://www.1mg.com/otc/mamaearth-rice-face-scrub-otc852963
926,https://www.1mg.com/otc/globus-naturals-revival-diamond-face-scrub-radiance-glow-otc861741
927,https://www.1mg.com/otc/mamaearth-honey-malai-face-scrub-otc858964
928,https://www.1mg.com/otc/ganeve-london-luxury-shower-scrub-english-rose-pomegranate-otc860383
929,https://www.1mg.com/otc/globus-naturals-ayurvedic-kumkumadi-face-scrub-100gm-each-otc861739
930,https://www.1mg.com/otc/globus-naturals-ayurvedic-kumkumadi-face-scrub-otc861738
931,https://www.1mg.com/otc/globus-naturals-revival-diamond-face-scrub-100gm-each-radiance-glow-otc861744
932,https://www.1mg.com/otc/globus-naturals-revival-diamond-face-scrub-100gm-each-radiance-glow-otc861745
933,https://www.1mg.com/otc/globus-naturals-ayurvedic-kumkumadi-face-scrub-100gm-each-otc861740
934,https://www.1mg.com/otc/oxyglow-herbals-apricot-jojoba-facial-scrub-otc861075
935,https://www.1mg.com/otc/azafran-organics-everyday-gentle-face-scrub-otc866382
936,https://www.1mg.com/otc/globus-naturals-de-tan-face-scrub-otc861753
937,https://www.1mg.com/otc/globus-naturals-ayurvedic-kumkumadi-face-scrub-100gm-each-otc861742
938,https://www.1mg.com/otc/gans-anti-tan-face-scrub-otc867574
939,https://www.1mg.com/otc/oxyglow-herbals-honey-papaya-scrub-pack-otc861193
940,https://www.1mg.com/otc/gans-activated-charcoal-face-scrub-otc867557
941,https://www.1mg.com/otc/azafran-organics-everyday-gentle-face-scrub-otc866383
942,https://www.1mg.com/otc/nature-4-nature-hydrator-nourishing-body-scrub-otc838289
943,https://www.1mg.com/otc/twc-the-woman-company-body-scrub-coffee-otc851307
944,https://www.1mg.com/otc/oxyglow-herbals-honey-papaya-scrub-pack-otc861199
945,https://www.1mg.com/otc/oxyglow-herbals-apricot-jojoba-facial-scrub-otc861139
946,https://www.1mg.com/otc/nature-4-nature-regenerator-de-tan-body-scrub-otc838326
947,https://www.1mg.com/otc/globus-naturals-revival-diamond-face-scrub-100gm-each-radiance-glow-otc861746
